Title,Bedrooms,Bathrooms,Floor_no,Occupancy_status,Floor_area,City,Price_in_taka,Location,Area,Section,property_type
"Find This 1200 Sq Ft Flat Available For Sale In Lalkuthi, Mirpur",3.0,3.0,5.0,vacant,1200.0,dhaka,6000000.0,"Lalkuthi, Mirpur",mirpur,lalkuthi,apartment
Visit This Apartment For Sale Of 1611 Sq Ft In Mirpur Near Orchid Community Center.,3.0,4.0,6.0,vacant,1611.0,dhaka,15500000.0,"Section 6, Mirpur",mirpur,section 6,apartment
"A Relaxing 1050 Sq Ft Flat Is Up For Sale At Ahmed Nagar, With An Attractive Price",3.0,2.0,3.0,vacant,1050.0,dhaka,5500000.0,"Ahmed Nagar, Mirpur",mirpur,ahmed nagar,apartment
Well Planned Residential Apartment In Mirpur Is Available For Sale Near Adarsha Abason Road,3.0,3.0,3.0,vacant,1300.0,dhaka,6500000.0,"Paikpara, Mirpur",mirpur,paikpara,bungalow/townhouse
"Let Us Assist You To Buy This 1150 Sq Ft Apartment Mirpur, Kallyanpur",3.0,3.0,1.0,vacant,1150.0,dhaka,6000000.0,"Kallyanpur, Mirpur",mirpur,kallyanpur,apartment
"Get Ready To Buy This Great Home Of 860 sft In Mirpur, Rupnagar R/a",2.0,2.0,2.0,vacant,860.0,dhaka,4900000.0,"Rupnagar R/A, Mirpur",mirpur,rupnagar r/a,bungalow/townhouse
Nice 850 Sq Ft Flat Is Available For Sale In East Kazipara,2.0,2.0,4.0,vacant,850.0,dhaka,5000000.0,"East Kazipara, Mirpur",mirpur,east kazipara,apartment
Ready Flat Of 900 Sq Ft Is Now For Sale In Mirpur -2,2.0,2.0,6.0,vacant,900.0,dhaka,5500000.0,"Section 2, Mirpur",mirpur,section 2,apartment
Live With Your Family In This Cozy 650 Sq Ft Residential Flat For Sale In Mirpur-6,2.0,2.0,4.0,vacant,650.0,dhaka,2800000.0,"Section 6, Mirpur",mirpur,section 6,bungalow/townhouse
In Mirpur 1100 SQ FT flat is available for sale which is now close to Life Aid Specialized Hospital,3.0,2.0,7.0,vacant,1100.0,dhaka,4950000.0,"Middle Monipur, Mirpur",mirpur,middle monipur,apartment
"1150 Sq Ft Apartment With Serene Views Is Up For Sale In Middle Monipur, Mirpur",3.0,2.0,7.0,vacant,1150.0,dhaka,6500000.0,"Middle Monipur, Mirpur",mirpur,middle monipur,apartment
Cozy Flat Is Available For Sale In Mirpur Near To Mirpur Adhunik Hospital,3.0,3.0,3.0,vacant,1400.0,dhaka,7500000.0,"Section 12, Mirpur",mirpur,section 12,apartment
"In the location of Mirpur, very close to Medicine Point is up for sale",2.0,2.0,5.0,vacant,800.0,dhaka,3700000.0,"Section 6, Mirpur",mirpur,section 6,apartment
Grab This 1300 Square Feet Apartment For Sale At Mirpur,3.0,3.0,4.0,vacant,1300.0,dhaka,5850000.0,"Section 11, Mirpur",mirpur,section 11,apartment
"Appealing Property In 2nd Colony, Mirpur â€“ 1375 Sq Ft Flat For Sale",3.0,3.0,6.0,vacant,1375.0,dhaka,7000000.0,"2nd Colony, Mirpur",mirpur,2nd colony,apartment
In Mirpur DOHS A Standard 1195 Sq.Ft Flat Is For Sale.,3.0,3.0,2.0,vacant,1195.0,dhaka,8500000.0,"Mirpur DOHS, Mirpur",mirpur,mirpur dohs,apartment
5200 Square Feet Residential Buildings For Sale In West Shewrapara,16.0,10.0,3.0,vacant,5200.0,dhaka,40000000.0,"West Shewrapara, Mirpur",mirpur,west shewrapara,bungalow/townhouse
740 Square Feet Residential Flat Is Ready To Sale At Middle Pirerbag,2.0,2.0,4.0,vacant,740.0,dhaka,3500000.0,"Pirerbag, Mirpur",mirpur,pirerbag,bungalow/townhouse
"To Live A Secure Life You Can Take This 1275 Sq Ft Flat For Sale At Kallyanpur, Mirpur",3.0,3.0,8.0,vacant,1275.0,dhaka,8600000.0,"Kallyanpur, Mirpur",mirpur,kallyanpur,apartment
Check this 1584 SQ FT apartment up for sale at Mirpur very near to Aklima General Hospital LTD,3.0,4.0,2.0,vacant,1584.0,dhaka,12000000.0,"Section 2, Mirpur",mirpur,section 2,apartment
"Reside Conveniently In This Well Constructed Flat For Sale In Pallabi , Near Pallabi Mazedul Islam Model High School",3.0,3.0,6.0,vacant,1100.0,dhaka,6600000.0,"Pallabi, Mirpur",mirpur,pallabi,apartment
1250 Square Feet-3 Bedroom Residential Apartment For Sale Close To East Ahmed Nagar Baitul Ekram Masjid.,3.0,3.0,2.0,vacant,1250.0,dhaka,5250000.0,"Ahmed Nagar, Mirpur",mirpur,ahmed nagar,bungalow/townhouse
1365 Sq Ft Flat With Modern Residential Approaches Is For Sale In Mirpur-10,3.0,3.0,5.0,vacant,1365.0,dhaka,7507500.0,"Section 10, Mirpur",mirpur,section 10,bungalow/townhouse
A Finely Built 800 Sq Ft Flat Is Up For sale In North Pirerbag,3.0,2.0,6.0,vacant,800.0,dhaka,5300000.0,"Pirerbag, Mirpur",mirpur,pirerbag,apartment
A 1180 Square Ft Residential Apartment For Sale At Borobag -Mirpur 2.,3.0,3.0,4.0,vacant,1180.0,dhaka,6490000.0,"Section 2, Mirpur",mirpur,section 2,bungalow/townhouse
"Plan To Move In This 945 Sq Ft Flat Which Is For Sale In Section 11, Mirpur",3.0,2.0,4.0,vacant,945.0,dhaka,6200000.0,"Section 11, Mirpur",mirpur,section 11,apartment
"879 Sq Ft Apartment For Sale In West Kazipara, Mirpur",3.0,2.0,4.0,vacant,879.0,dhaka,5274000.0,"West Kazipara, Mirpur",mirpur,west kazipara,apartment
"Offering You An Excellent 1675 Sq Ft Flat For Sale In Shah Ali Bag, Mirpur",3.0,3.0,9.0,vacant,1675.0,dhaka,9712500.0,"Section 1, Mirpur",mirpur,section 1,apartment
"Make this 1310 SQ FT flat your next residing location, which is up for sale in Mirpur",3.0,3.0,7.0,vacant,1310.0,dhaka,9200000.0,"Kallyanpur, Mirpur",mirpur,kallyanpur,apartment
"1250 Sq Ft Residential Flat For Sale In Mirpur, West Monipur",3.0,3.0,6.0,vacant,1250.0,dhaka,8000000.0,"West Monipur, Mirpur",mirpur,west monipur,bungalow/townhouse
"Looking for a nice home to sale in Mirpur, check this one which is 1050 SQ FT",3.0,2.0,2.0,vacant,1050.0,dhaka,6000000.0,"Pallabi, Mirpur",mirpur,pallabi,bungalow/townhouse
An Apartment Which Is Up For Sale At Mirpur Near To Aloron International School &amp; College,3.0,3.0,1.0,vacant,1400.0,dhaka,7000000.0,"Ahmed Nagar, Mirpur",mirpur,ahmed nagar,apartment
Flat For Sale In Mirpur Near Senpara Jame Masjid,2.0,2.0,2.0,vacant,855.0,dhaka,4275000.0,"Section 10, Mirpur",mirpur,section 10,apartment
Checkout This 1050 Sq Ft Residential Flat For Sale In Mirpur,3.0,2.0,4.0,vacant,1050.0,dhaka,5500000.0,"Ahmed Nagar, Mirpur",mirpur,ahmed nagar,bungalow/townhouse
A Commercial Building Is Up For Sale Which Is Located In Mirpur Nearby Mirpur Adhunik Hospital,3.0,2.0,6.0,vacant,16000.0,dhaka,120000000.0,"Section 12, Mirpur",mirpur,section 12,commercial
860 Sq Ft Apartment Is For Sale In Mirpur-1,2.0,2.0,4.0,vacant,860.0,dhaka,5590000.0,"Section 1, Mirpur",mirpur,section 1,apartment
Buy This Amazing 1050 Sq Ft Apartment At Mirpur,3.0,2.0,3.0,vacant,1050.0,dhaka,4800000.0,"2nd Colony, Mirpur",mirpur,2nd colony,apartment
Find 1020 SQ FT flat available for sale in Pirerbag,3.0,2.0,6.0,vacant,1020.0,dhaka,6000000.0,"Pirerbag, Mirpur",mirpur,pirerbag,apartment
Seize This 1150 Sq Ft Apartment Up For Sale In Mirpur Dohs,2.0,2.0,1.0,vacant,1150.0,dhaka,8700000.0,"Mirpur DOHS, Mirpur",mirpur,mirpur dohs,apartment
A Unique Flat Of 1350 Sq Ft Is Getting Ready To Be Sold In East Kazipara,3.0,3.0,5.0,vacant,1350.0,dhaka,6575000.0,"East Kazipara, Mirpur",mirpur,east kazipara,apartment
"Visit This 650 Sq Ft Flat For A Small Family Is Here Available For Sale In Section 6, Mirpur",2.0,2.0,5.0,vacant,650.0,dhaka,3500000.0,"Section 6, Mirpur",mirpur,section 6,apartment
"900 Square Feet Apartment Is For Sale At Kamal Sharani, West Monipur",3.0,2.0,3.0,vacant,900.0,dhaka,4320000.0,"West Monipur, Mirpur",mirpur,west monipur,apartment
1240 Square Feet Flat For Sale In The Location Of Shah Ali Bag,3.0,3.0,5.0,vacant,1240.0,dhaka,7320000.0,"Section 1, Mirpur",mirpur,section 1,apartment
A Delightful Apartment Of 1554 Sq Ft Is Ready For Sale In A Great Location Of Pallabi,3.0,3.0,1.0,vacant,1554.0,dhaka,11500000.0,"Pallabi, Mirpur",mirpur,pallabi,apartment
"At Darussalam, Flat For Sale Close To Mir Bari Adi Jame Mosjid",3.0,3.0,1.0,vacant,1260.0,dhaka,5796000.0,"Darussalam, Mirpur",mirpur,darussalam,apartment
1650 Square Ft Apartment For Sale Is Being Constructed In Mirpur,4.0,3.0,5.0,vacant,1650.0,dhaka,11000000.0,"Middle Monipur, Mirpur",mirpur,middle monipur,apartment
Amazing 1300 Square Feet Apartment Is Up For Sale At Mirpur,3.0,3.0,6.0,vacant,1300.0,dhaka,5460000.0,"Section 11, Mirpur",mirpur,section 11,apartment
Appreciate Your Days In This 1365 Sq Ft Flat For Sale With Best Room Facilities In Mirpur-10,3.0,3.0,9.0,vacant,1365.0,dhaka,7507500.0,"Section 10, Mirpur",mirpur,section 10,apartment
1375 Sq. Ft. flat is now up for sale located in Mirpur DOHS,3.0,3.0,1.0,vacant,1375.0,dhaka,12000000.0,"Mirpur DOHS, Mirpur",mirpur,mirpur dohs,apartment
A Nicely Build 1140 Sq Ft Three Bed Apartment Is Available For Sale In Senpara Mirpur.,3.0,2.0,8.0,vacant,1140.0,dhaka,6200000.0,"Section 10, Mirpur",mirpur,section 10,apartment
"A Nice 955 Square Feet House Is Available For Sale At South Pirerbag, With An Affordable Deal.",3.0,2.0,3.0,vacant,955.0,dhaka,5000000.0,"Pirerbag, Mirpur",mirpur,pirerbag,bungalow/townhouse
"1100 Sq Ft Apartment Is For Sale In Mirpur, Section 1",3.0,2.0,6.0,vacant,1100.0,dhaka,6400000.0,"Section 1, Mirpur",mirpur,section 1,apartment
"650 Sq. Ft. Flat Is Now Up For Sale Located In Mirpur, Block C",2.0,2.0,1.0,vacant,650.0,dhaka,3500000.0,"Section 12, Mirpur",mirpur,section 12,apartment
Flat For Sale In Mirpur Near Gudara Ghat Wasa Pump,2.0,2.0,5.0,vacant,650.0,dhaka,3000000.0,"Section 2, Mirpur",mirpur,section 2,apartment
In Darussalam A Residential Apartment For Sale,3.0,3.0,5.0,vacant,1485.0,dhaka,8167000.0,"Darussalam, Mirpur",mirpur,darussalam,bungalow/townhouse
Grab This 1420 Square Feet Flat For Sale In Mirpur-6,3.0,3.0,4.0,vacant,1420.0,dhaka,11500000.0,"Section 6, Mirpur",mirpur,section 6,apartment
"1637 Sq Ft Spacious Apartment Is Ready For Sale In Senpara Parbata, Mirpur",3.0,4.0,1.0,vacant,1637.0,dhaka,12000000.0,"Section 10, Mirpur",mirpur,section 10,apartment
"1040 Sq Ft Apartment With 2 Bedrooms For Sale In Section 15, Mirpur",2.0,2.0,5.0,vacant,1040.0,dhaka,6200000.0,"Section 15, Mirpur",mirpur,section 15,apartment
Grab The Scope To Buy This 2200 Sq Ft Apartment In Mirpur DOHS,3.0,3.0,1.0,vacant,2200.0,dhaka,18500000.0,"Mirpur DOHS, Mirpur",mirpur,mirpur dohs,apartment
1100 Sq Ft Residential Apartment For Sale In Mirpur 10,3.0,3.0,2.0,vacant,1100.0,dhaka,6700000.0,"Section 10, Mirpur",mirpur,section 10,bungalow/townhouse
"This 850 Sq Ft Flat For Sale In Mirpur, East Monipur",2.0,2.0,3.0,vacant,850.0,dhaka,5100000.0,"East Monipur, Mirpur",mirpur,east monipur,apartment
950 Sq. Ft. Flat Ready For Sale At North Pirerbag.,3.0,2.0,3.0,vacant,950.0,dhaka,3500000.0,"Pirerbag, Mirpur",mirpur,pirerbag,apartment
A 3 Bedrooms Residence For Sale In Eastern Housing - Pallabi.,3.0,2.0,4.0,vacant,1050.0,dhaka,5000000.0,"Pallabi, Mirpur",mirpur,pallabi,building
Beside To Shah Shaheb Nagar Jame Mosque 1000 Square Feet Flat For Sale At Paikpara,3.0,2.0,4.0,vacant,1000.0,dhaka,3800000.0,"Middle Paikpara, Mirpur",mirpur,middle paikpara,apartment
"In East Monipur , 1265 Square Feet Apartment Is For Sale.",3.0,3.0,6.0,vacant,1265.0,dhaka,8500000.0,"East Monipur, Mirpur",mirpur,east monipur,apartment
2200 Sq Ft Apartment Is Ready For Sale In Mirpur Dohs,3.0,4.0,5.0,vacant,2200.0,dhaka,20000000.0,"Mirpur DOHS, Mirpur",mirpur,mirpur dohs,apartment
"Deal With This 975 Sq Ft Flat Up For Sale In Kazipara, Mirpur",2.0,2.0,6.0,vacant,975.0,dhaka,6300000.0,"East Kazipara, Mirpur",mirpur,east kazipara,apartment
"1545 Sq Ft Flat With 3 Modest Bedrooms For Sale In Mirpur-2, Block C",3.0,3.0,5.0,vacant,1545.0,dhaka,14000000.0,"Section 2, Mirpur",mirpur,section 2,apartment
Visit This Apartment For Sale In East Monipur Near Life Aid Specialized Hospital Pvt. Ltd.,3.0,2.0,5.0,vacant,1050.0,dhaka,4500000.0,"East Monipur, Mirpur",mirpur,east monipur,apartment
Buy This 1634 Sq Ft Residential Flat In The Great Location Of Mirpur-1,3.0,3.0,8.0,vacant,1634.0,dhaka,9800000.0,"Section 1, Mirpur",mirpur,section 1,bungalow/townhouse
"Well Organized Flat Of 1250 Sq Ft Is Now Vacant For Sale In Kallyanpur, Mirpur",3.0,3.0,9.0,vacant,1250.0,dhaka,7500000.0,"Kallyanpur, Mirpur",mirpur,kallyanpur,apartment
"View This 1050 Square Feet Commercial Space For Sale In Mirpur, Section 11",3.0,2.0,2.0,vacant,1050.0,dhaka,19400000.0,"Section 11, Mirpur",mirpur,section 11,commercial
Get Comfortable In A Flat For Sale In Paikpara Nearby Paikpara Jame Mosjid,3.0,2.0,1.0,vacant,1050.0,dhaka,4410000.0,"Paikpara, Mirpur",mirpur,paikpara,apartment
"Beautiful And Well-constructed 1100 Sq Ft Flat Is Ready To Sale At Dakkin Paikpara, Mirpur",3.0,2.0,7.0,vacant,1100.0,dhaka,6500000.0,"Paikpara, Mirpur",mirpur,paikpara,apartment
An Apartment Up For Sale At Pallabi Near To Pallabi Jhil Jame Mashjid,3.0,3.0,6.0,vacant,1850.0,dhaka,9800000.0,"Pallabi, Mirpur",mirpur,pallabi,apartment
1485 Sq Feet Flat For Sale In The Location Of Darussalam,3.0,3.0,2.0,vacant,1485.0,dhaka,8167000.0,"Darussalam, Mirpur",mirpur,darussalam,apartment
1800 SQ FT flat is now for sale in Pirerbag,4.0,4.0,9.0,vacant,1800.0,dhaka,9000000.0,"Pirerbag, Mirpur",mirpur,pirerbag,apartment
"1365 Sq Ft Flat With Serene Balcony Views Is For Sale In Mirpur-10, Senpara Parbata",3.0,3.0,7.0,vacant,1365.0,dhaka,7507500.0,"Section 10, Mirpur",mirpur,section 10,apartment
An Apartment Which Is Up For Sale At Ahmed Nagar Near To Ahmed Nagar Darul Islam Jame Masjid.,3.0,2.0,6.0,vacant,1276.0,dhaka,4000000.0,"Ahmed Nagar, Mirpur",mirpur,ahmed nagar,apartment
Visit 1308 Sq Ft Residential Flat For Sale In Mirpur,3.0,3.0,1.0,vacant,1308.0,dhaka,6600000.0,"Section 2, Mirpur",mirpur,section 2,bungalow/townhouse
Well Planned 1150 Sq Ft Residential Flat For Sale In Mirpur,3.0,3.0,8.0,vacant,1150.0,dhaka,8200000.0,"West Monipur, Mirpur",mirpur,west monipur,bungalow/townhouse
"Prominent Location And Splendid Outlook, This Open Floor Is Up For Sale In Mirpur Near To Life Aid Specialized Hospital Pvt. Ltd.",3.0,3.0,2.0,vacant,1700.0,dhaka,11600000.0,"East Monipur, Mirpur",mirpur,east monipur,apartment
Buy This Flat At South Monipur For The Ideal Urban Lifestyle You Dream About.,2.0,2.0,6.0,vacant,1000.0,dhaka,4500000.0,"South Monipur, Mirpur",mirpur,south monipur,apartment
A rightly planned 1325 SQ FT flat is found for sale in Mirpur near Islami Bank Hospital,3.0,3.0,5.0,vacant,1325.0,dhaka,6500000.0,"Section 11, Mirpur",mirpur,section 11,apartment
"Residential Apartment For Sale in Tipu Sultan Road, Middle Pirerbag",3.0,2.0,7.0,vacant,1000.0,dhaka,5700000.0,"Pirerbag, Mirpur",mirpur,pirerbag,bungalow/townhouse
Buy This 772 Sq Ft Apartment In Mirpur-10,2.0,2.0,8.0,vacant,772.0,dhaka,4300000.0,"Section 10, Mirpur",mirpur,section 10,apartment
"Plan Your Urban Life In This 1250 Sq Ft Flat For Sale In Mirpur, East Kazipara",3.0,3.0,2.0,vacant,1250.0,dhaka,7600000.0,"East Kazipara, Mirpur",mirpur,east kazipara,apartment
"Be Content With Your Amazing Home Taste Through Buying This 1225 Sq Ft Flat In Mirpur, West Shewrapara",3.0,2.0,3.0,vacant,1225.0,dhaka,5512500.0,"West Shewrapara, Mirpur",mirpur,west shewrapara,bungalow/townhouse
Ready 1100 SQ FT flat is now for sale in Mirpur nearby Life Aid Specialized Hospital,3.0,2.0,3.0,vacant,1100.0,dhaka,4950000.0,"Middle Monipur, Mirpur",mirpur,middle monipur,apartment
In Mirpur this flat is up for sale which is 930 SQ FT,3.0,3.0,4.0,vacant,930.0,dhaka,3900000.0,"2nd Colony, Mirpur",mirpur,2nd colony,apartment
For Selling Purpose This Flat Is Now Vacant In The Location Of South Monipur .,3.0,3.0,9.0,vacant,1400.0,dhaka,6300000.0,"South Monipur, Mirpur",mirpur,south monipur,apartment
Visit This Apartment For Sale In Middle Monipur Near Iqra International School,3.0,2.0,2.0,vacant,1100.0,dhaka,4950000.0,"Middle Monipur, Mirpur",mirpur,middle monipur,apartment
"1105 Square Feet Flat Is Waiting For Sale At Begum Rokeya Sharani, East Kazipara",3.0,3.0,7.0,vacant,1105.0,dhaka,7500000.0,"East Kazipara, Mirpur",mirpur,east kazipara,apartment
Graceful Flat Of 850 Sq Ft Is Prepared For Sale In Pallabi Eastern Housing.,2.0,2.0,5.0,vacant,850.0,dhaka,2500000.0,"Pallabi, Mirpur",mirpur,pallabi,apartment
1650 Square Ft Well Designed Apartment For Sale In Mirpur,4.0,3.0,3.0,vacant,1650.0,dhaka,11000000.0,"Middle Monipur, Mirpur",mirpur,middle monipur,apartment
A 22050 SFT Commercial Building Is Available To Sale At Mirpur Section 7,3.0,2.0,2.0,vacant,22050.0,dhaka,200000000.0,"Section 7, Mirpur",mirpur,section 7,commercial
This 1220 Sq.ft Flat Which Is In Kallyanpur Near IBN SINA Medical College Hospital For Sale Will Ensure Your Higher Quality Of Living,3.0,3.0,8.0,vacant,1220.0,dhaka,7000000.0,"Kallyanpur, Mirpur",mirpur,kallyanpur,apartment
1400 Sq Ft Residential Apartment For Sale In Mirpur,3.0,3.0,2.0,vacant,1400.0,dhaka,8400000.0,"Ahmed Nagar, Mirpur",mirpur,ahmed nagar,bungalow/townhouse
1365 Sq Ft Flat With Fine Residential Properties Is For Sale In Mirpur-10,3.0,3.0,5.0,vacant,1365.0,dhaka,7507500.0,"Section 10, Mirpur",mirpur,section 10,bungalow/townhouse
Looking For A Tasteful Home To Buy In Paikpara? Check This One,3.0,3.0,2.0,vacant,1350.0,dhaka,7400000.0,"Ahmed Nagar, Mirpur",mirpur,ahmed nagar,bungalow/townhouse
Ready Flat Is Now For Sale In Mirpur Dohs Nearby Mirpur Dohs Central Mosque,4.0,4.0,3.0,vacant,2200.0,dhaka,25000000.0,"Mirpur DOHS, Mirpur",mirpur,mirpur dohs,apartment
"In Mirpur -1, A Vacant Apartment Of 900 Sq Ft Is Going To Be Sold",2.0,2.0,4.0,vacant,900.0,dhaka,5000000.0,"Section 1, Mirpur",mirpur,section 1,apartment
Visit This Apartment For Sale In Kallyanpur Near Kallyanpur Kazi Office.,4.0,3.0,1.0,vacant,1650.0,dhaka,10000000.0,"Kallyanpur, Mirpur",mirpur,kallyanpur,commercial
Let Us Assist You To Buy This 1300 Sq Ft Flat For The Relaxing Life You Desire To Have In The Area Of Mirpur,3.0,3.0,1.0,vacant,1300.0,dhaka,6500000.0,"Dakkhin Paikpara, Mirpur",mirpur,dakkhin paikpara,apartment
"Built With Modern Amenities, Check This Flat For Sale Which Is 1250 Sq Ft In Shah Ali Bag",3.0,3.0,8.0,vacant,1250.0,dhaka,7000000.0,"Section 1, Mirpur",mirpur,section 1,apartment
Covering 1204 Sq Ft Space A Nice Flat Is Ready To Sale In Mirpur,3.0,3.0,6.0,vacant,1204.0,dhaka,7500000.0,"Ahmed Nagar, Mirpur",mirpur,ahmed nagar,apartment
"Apartment Up For Sale In Mirpur, Near Baitur Rahmat Jame Masjid",2.0,2.0,6.0,vacant,1000.0,dhaka,4000000.0,"Arambag Residential Area, Mirpur",mirpur,arambag residential area,apartment
This 1872 Sq.Ft Flat In Bijoy Rakeen City With A Convenient Price Is Up For Sale,3.0,3.0,5.0,vacant,1872.0,dhaka,13500000.0,"Section 15, Mirpur",mirpur,section 15,apartment
Available In Darussalam 1485 Sq Feet Flat For Sale,3.0,3.0,5.0,vacant,1485.0,dhaka,8167000.0,"Darussalam, Mirpur",mirpur,darussalam,apartment
"Grab This 1200 Sq Ft Residential Flat Up For Sale In Mirpur, West Shewrapara",3.0,3.0,5.0,vacant,1200.0,dhaka,7200000.0,"West Shewrapara, Mirpur",mirpur,west shewrapara,bungalow/townhouse
Nice 1240 Sq Ft Flat Is Available For Sale In Dakkhin Paikpara,3.0,3.0,8.0,vacant,1240.0,dhaka,8700000.0,"Dakkhin Paikpara, Mirpur",mirpur,dakkhin paikpara,apartment
Vacant Now! This 1100 Sq Ft Flat For Sale With Lovely Facilities At Mirpur DOHS,2.0,2.0,1.0,vacant,1100.0,dhaka,9000000.0,"Mirpur DOHS, Mirpur",mirpur,mirpur dohs,apartment
Evaluate This 650 Square Feet Apartment For Sale In Mirpur,2.0,2.0,5.0,vacant,650.0,dhaka,2400000.0,"Section 11, Mirpur",mirpur,section 11,apartment
"Get Ready For Your Countless Peaceful Days With This 1096 Sq Ft Flat At 1st Colony, Mirpur Is Up To Sale",3.0,3.0,13.0,vacant,1096.0,dhaka,6600000.0,"1st Colony, Mirpur",mirpur,1st colony,apartment
1040 Sq Ft Properly Developed Flat For Sale In Rajanigandha Residential Area,2.0,2.0,1.0,vacant,1040.0,dhaka,6500000.0,"Section 15, Mirpur",mirpur,section 15,bungalow/townhouse
"Apartment For Sale In Mirpur-10, Senpara Parbata",3.0,2.0,1.0,vacant,1140.0,dhaka,6100000.0,"Section 10, Mirpur",mirpur,section 10,apartment
An Apartment Which Is Up For Sale At Kallyanpur Near To Kallyanpur Girls School And College.,3.0,2.0,2.0,vacant,1070.0,dhaka,4600000.0,"Kallyanpur, Mirpur",mirpur,kallyanpur,apartment
Create your home in a 800 SQ FT apartment for sale in Rupnagar R/A,2.0,2.0,5.0,vacant,800.0,dhaka,5300000.0,"Rupnagar R/A, Mirpur",mirpur,rupnagar r/a,bungalow/townhouse
Fill Up Your Days With Enjoyment By Buying This Peaceful Flat Of 950 Sq Ft In Mirpur,2.0,2.0,1.0,vacant,950.0,dhaka,4275000.0,"East Shewrapara, Mirpur",mirpur,east shewrapara,apartment
At Mirpur Flat For Sale Close To Prince Bazar,3.0,3.0,9.0,vacant,1250.0,dhaka,6700000.0,"Section 1, Mirpur",mirpur,section 1,apartment
Lovely Apartment Of 1400 Sq Ft Is Up For Sale In South Pirerbag,3.0,3.0,4.0,vacant,1400.0,dhaka,8400000.0,"Pirerbag, Mirpur",mirpur,pirerbag,apartment
This 1015 Sq.ft Home In Rajanigandha Residential Area Is Up For Sale In A Wonderful Neighborhood,2.0,2.0,5.0,vacant,1015.0,dhaka,6000000.0,"Section 15, Mirpur",mirpur,section 15,bungalow/townhouse
800 Sq Ft Flat Is Now For Sale In West Ahmed Nagar,2.0,2.0,3.0,vacant,800.0,dhaka,4000000.0,"Ahmed Nagar, Mirpur",mirpur,ahmed nagar,apartment
"600 Sq Ft Apartment For Sale In Mirpur, Section 12",2.0,2.0,7.0,vacant,600.0,dhaka,3250000.0,"Section 12, Mirpur",mirpur,section 12,apartment
"Make This 1300 Sq Ft Flat Your Next Residing Location, Which Is Up For Sale In Pallabi Near Pallabi Mazedul Islam Model High School .",3.0,3.0,7.0,vacant,1300.0,dhaka,7800000.0,"Pallabi, Mirpur",mirpur,pallabi,apartment
"Your Desirable 1480 Sq Ft Cozy Flat Is Ready For Sale In Mirpur 2, Near Islami Bank International School &amp; College",3.0,3.0,2.0,vacant,1480.0,dhaka,10000000.0,"Section 2, Mirpur",mirpur,section 2,apartment
"We Have This 820 Sq Ft Apartment Ready For Sale At Mirpur, Near Life Aid Specialized Hospital Pvt. Ltd.",3.0,2.0,1.0,vacant,820.0,dhaka,3700000.0,"East Monipur, Mirpur",mirpur,east monipur,apartment
A 3 Bedroom Apartment Is Up For Sale In Middle Monipur Near Monipur High School And College.,3.0,3.0,5.0,vacant,1200.0,dhaka,5400000.0,"Middle Monipur, Mirpur",mirpur,middle monipur,apartment
"Choose your destination, 1100 SQ FT flat which is available for sale in Mirpur near to Life Aid Specialized Hospital",3.0,2.0,4.0,vacant,1100.0,dhaka,4950000.0,"Middle Monipur, Mirpur",mirpur,middle monipur,apartment
"Well Organized Flat Of 1700 Sq Ft Is Now Vacant For Sale In Section 7, Mirpur",3.0,3.0,3.0,vacant,1700.0,dhaka,13600000.0,"Section 7, Mirpur",mirpur,section 7,apartment
At Mirpur DOHS 1045 Square feet flat is available to Sale close to Mirpur DOHS Central Mosque,3.0,2.0,1.0,vacant,1045.0,dhaka,11000000.0,"Mirpur DOHS, Mirpur",mirpur,mirpur dohs,apartment
"1425 Sq Ft Flat For Sale In West Shewrapara, Mirpur",3.0,3.0,1.0,vacant,1425.0,dhaka,8537500.0,"West Shewrapara, Mirpur",mirpur,west shewrapara,apartment
2200 Sq Ft Flat Is Up For Sale In Mirpur DOHS Nearby Mirpur Dohs Central Mosque,3.0,3.0,4.0,vacant,2200.0,dhaka,21000000.0,"Mirpur DOHS, Mirpur",mirpur,mirpur dohs,apartment
Let Us Assist You To Buy This 1510 Sq. Ft Flat At South Pirerbag Near To Fulki Nursery School,3.0,3.0,1.0,vacant,1510.0,dhaka,8200000.0,"Pirerbag, Mirpur",mirpur,pirerbag,apartment
"Situated In West Shewrapara, Near North South International School, A 1400 Sq Ft Apartment Is Up For Sale",3.0,3.0,7.0,vacant,1400.0,dhaka,8400000.0,"West Shewrapara, Mirpur",mirpur,west shewrapara,apartment
A Nicely Build 980 Sq Ft And 3 Bedroom Apartment Is Vacant For Sale In Middle Paikpara Close To Bowshagari Central Masjid.,3.0,3.0,7.0,vacant,980.0,dhaka,5500000.0,"Middle Paikpara, Mirpur",mirpur,middle paikpara,apartment
Grab This 1425 Sq Ft Flat Up For Sale In Mirpur Near Sonali Bank,3.0,3.0,4.0,vacant,1425.0,dhaka,8637500.0,"Section 12, Mirpur",mirpur,section 12,apartment
This 860 Sq Ft Apartment Has A Tempting Enough Environment For You To Buy In Mirpur,2.0,2.0,3.0,vacant,860.0,dhaka,4500000.0,"Rupnagar R/A, Mirpur",mirpur,rupnagar r/a,apartment
"19200 SQ FT Full-Building is now for sale in Mirpur 1, Shah Ali Bag",46.0,10.0,8.0,vacant,19200.0,dhaka,75000000.0,"Section 1, Mirpur",mirpur,section 1,building
"Make Sure To Buy This 1150 Sq Ft Apartment, If You Are Looking For A Permanent Residence In Middle Monipur",3.0,2.0,7.0,vacant,1150.0,dhaka,6500000.0,"Middle Monipur, Mirpur",mirpur,middle monipur,apartment
We are offering you a very spacious 1090 SQ FT flat for Sale in Mirpur near to Holy Crescent School,3.0,2.0,1.0,vacant,1090.0,dhaka,5500000.0,"West Shewrapara, Mirpur",mirpur,west shewrapara,apartment
"Near Shewrapara Jame Masjid, A Blissful Flat Is Available For Sale In West Shewrapara",3.0,3.0,2.0,vacant,1180.0,dhaka,6500000.0,"West Shewrapara, Mirpur",mirpur,west shewrapara,apartment
Very Well Designed 1100 Sq Ft Residential Flat Is Unoccupied For Sale At North Pirerbag,3.0,2.0,1.0,vacant,1100.0,dhaka,6500000.0,"Pirerbag, Mirpur",mirpur,pirerbag,bungalow/townhouse
"At North Pirerbag , A 1250 Sq Ft Well Fitted Residential Property Is For Sale Close To Digun Public School .",3.0,3.0,9.0,vacant,1250.0,dhaka,6500000.0,"Pirerbag, Mirpur",mirpur,pirerbag,bungalow/townhouse
1425 Sq Ft Apartment For Sale In Mirpur 12,3.0,3.0,5.0,vacant,1425.0,dhaka,11500000.0,"Section 12, Mirpur",mirpur,section 12,apartment
"If You Want To Reside In Mirpur DOHS, Check This 1100 Sq Ft Flat Which Is Up For Sale.",3.0,2.0,1.0,vacant,1100.0,dhaka,9500000.0,"Mirpur DOHS, Mirpur",mirpur,mirpur dohs,apartment
"905 Sq Ft Residential Flat For Sale In Mirpur, Paikpara",3.0,3.0,3.0,vacant,905.0,dhaka,5500000.0,"Paikpara, Mirpur",mirpur,paikpara,bungalow/townhouse
"A Nicely Build 1050 Sq Ft Apartment Is Vacant For Sale In Mirpur, Turag City",2.0,2.0,1.0,vacant,1050.0,dhaka,5500000.0,"Section 1, Mirpur",mirpur,section 1,apartment
"A Nice 600 Square Feet Apartment Is Up For Sale At Block C, Mirpur-11",2.0,2.0,3.0,vacant,600.0,dhaka,2300000.0,"Section 11, Mirpur",mirpur,section 11,apartment
"Buy This Nice Flat Of 1250 Sq Ft, Which Is Located At Darussalam, Mirpur",3.0,3.0,8.0,vacant,1250.0,dhaka,6250000.0,"Darussalam, Mirpur",mirpur,darussalam,apartment
"Buy This 1740 Sq Ft Apartment In Mirpur-2, Borobag",4.0,4.0,7.0,vacant,1740.0,dhaka,11300000.0,"Section 2, Mirpur",mirpur,section 2,apartment
"Ready apartment 650 SQ FT is now for sale in Block C, Mirpur",2.0,2.0,1.0,vacant,650.0,dhaka,4000000.0,"Section 12, Mirpur",mirpur,section 12,apartment
Reasonable 1100 SQ FT flat is available for sale in Mirpur near to Life Aid Specialized Hospital,3.0,2.0,5.0,vacant,1100.0,dhaka,4950000.0,"Middle Monipur, Mirpur",mirpur,middle monipur,apartment
"Pursue This 975 Sq Ft Flat Up For Sale In East Kazipara, Mirpur",2.0,2.0,3.0,vacant,975.0,dhaka,6337500.0,"East Kazipara, Mirpur",mirpur,east kazipara,apartment
"Near Senpara Jame Masjid, Apartment For sale In Mirpur",2.0,2.0,7.0,vacant,850.0,dhaka,4800000.0,"Section 10, Mirpur",mirpur,section 10,apartment
Sophisticated Style! This 1175 Sq.Ft Flat For Sale In Senpara Parbata Is All About It .,3.0,2.0,3.0,vacant,1175.0,dhaka,7000000.0,"Section 10, Mirpur",mirpur,section 10,apartment
"Ready 875 SQ FT flat is now for sale in Mirpur, Block E",2.0,2.0,6.0,vacant,875.0,dhaka,4000000.0,"Section 1, Mirpur",mirpur,section 1,apartment
Kallyanpur Is Giving You A 1350 Square Feet Ready Apartment For Sale,3.0,3.0,4.0,vacant,1350.0,dhaka,7425000.0,"Kallyanpur, Mirpur",mirpur,kallyanpur,apartment
In Middle Paikpara A Standard Flat Is For Sale Which Is 915 Sq. Ft,3.0,2.0,4.0,vacant,915.0,dhaka,4000000.0,"Middle Paikpara, Mirpur",mirpur,middle paikpara,apartment
850 Sq Ft Flat Is For Sale At Paikpara Near To Baitul Mamur Jame Masjid,3.0,3.0,4.0,vacant,850.0,dhaka,4000000.0,"Ahmed Nagar, Mirpur",mirpur,ahmed nagar,apartment
Visit This Apartment For Sale In Mirpur Near Mirpur Adhunik Hospital And Diagnostic Center.,3.0,3.0,6.0,vacant,1250.0,dhaka,9000000.0,"Section 12, Mirpur",mirpur,section 12,apartment
Attention Home Finders! A 1400 Sq.ft Flat Is Up For Sale In West Shewrapara Close To North South International School.,3.0,3.0,3.0,vacant,1400.0,dhaka,6300000.0,"West Shewrapara, Mirpur",mirpur,west shewrapara,bungalow/townhouse
"Lovely Apartment Of 1300 Sq Ft Is Up For Sale In Dakkhin Paikpara, Mirpur",3.0,3.0,3.0,vacant,1300.0,dhaka,8500000.0,"Dakkhin Paikpara, Mirpur",mirpur,dakkhin paikpara,apartment
"Get Ready For Your Countless Peaceful Days With This 1115 Sq Ft Flat At Mazar Road, Mirpur Is Up To Sale",3.0,3.0,11.0,vacant,1115.0,dhaka,6700000.0,"1st Colony, Mirpur",mirpur,1st colony,apartment
Here Is A Well Defined Flat Of 780 Sq Ft Waiting For Sale At Rupnagar R/A,2.0,2.0,1.0,vacant,780.0,dhaka,4000000.0,"Rupnagar R/A, Mirpur",mirpur,rupnagar r/a,apartment
This 1250 Sq Ft Well Defined Flat Is Now Vacant To Sale In Pirerbag,3.0,3.0,8.0,vacant,1250.0,dhaka,7000000.0,"Pirerbag, Mirpur",mirpur,pirerbag,apartment
"930 Sq Ft Flat For Sale In Mirpur, Middle Monipur, Baitur Rowshan Jame Masjid Road",2.0,2.0,1.0,vacant,930.0,dhaka,5200000.0,"Middle Monipur, Mirpur",mirpur,middle monipur,apartment
Flat Is Ready For Sale In East Kazipara Near To Bank Asia Agent Banking,3.0,2.0,2.0,vacant,975.0,dhaka,4000000.0,"East Kazipara, Mirpur",mirpur,east kazipara,apartment
"1000 Sq Ft Apartment For Sale In Pallabi, Mirpur",2.0,2.0,5.0,vacant,1000.0,dhaka,5500000.0,"Pallabi, Mirpur",mirpur,pallabi,apartment
"Look At This Nice 980 Sq Ft Flat Is Up For Sale At Section 10, Mirpur",2.0,2.0,3.0,vacant,980.0,dhaka,5500000.0,"Section 10, Mirpur",mirpur,section 10,apartment
In The Fine Location Of South Monipur A 1000 Sq Ft Apartment Is All Set For Sale,2.0,2.0,2.0,vacant,1000.0,dhaka,4500000.0,"South Monipur, Mirpur",mirpur,south monipur,apartment
Promising Under-construction 1100 Sq Ft Apartment For Sale In Mirpur,3.0,3.0,4.0,vacant,1100.0,dhaka,6100000.0,"Ahmed Nagar, Mirpur",mirpur,ahmed nagar,apartment
935 Sq Ft Flat Ready For Sale In South Pirerbag,3.0,2.0,3.0,vacant,935.0,dhaka,6610000.0,"Pirerbag, Mirpur",mirpur,pirerbag,apartment
"1250 Sq Ft Residential Property Is Set For Sale In Mirpur, Kallyanpur",3.0,3.0,1.0,vacant,1250.0,dhaka,7500000.0,"Kallyanpur, Mirpur",mirpur,kallyanpur,bungalow/townhouse
Offering you 1300 SQ FT flat for sale in Mirpur near to Paikpara Jame Masjid,3.0,3.0,4.0,vacant,1300.0,dhaka,6500000.0,"Middle Paikpara, Mirpur",mirpur,middle paikpara,apartment
"Offering You A 650 Sq Ft Nice Flat For Sale In Section 6, Mirpur",2.0,2.0,5.0,vacant,650.0,dhaka,3500000.0,"Section 6, Mirpur",mirpur,section 6,apartment
See This 1250 Sq Ft Apartment For Sale Is All Set For You In Mirpur Close To Mirpur Shaheen School,3.0,3.0,6.0,vacant,1250.0,dhaka,8625000.0,"Section 11, Mirpur",mirpur,section 11,apartment
1150 Sq Ft Apartment With 3 Bedrooms Is Ready For Sale In Mirpur-11,3.0,3.0,4.0,vacant,1150.0,dhaka,7000000.0,"Section 11, Mirpur",mirpur,section 11,apartment
A 950 Sq Ft Residential Flat Is For Sale In Mirpur -Kachukhet Road .,3.0,2.0,4.0,vacant,950.0,dhaka,5200000.0,"Kachukhet Road, Mirpur",mirpur,kachukhet road,bungalow/townhouse
Flat For Sale In Arambag R/a Near Al Arabia Jame Masjid And Madrasa,3.0,3.0,8.0,vacant,1310.0,dhaka,7205000.0,"Arambag Residential Area, Mirpur",mirpur,arambag residential area,apartment
1390 Sq Feet Flat For Sale Very Near To Darussalam Government Primary School,3.0,3.0,6.0,vacant,1390.0,dhaka,7665000.0,"Darussalam, Mirpur",mirpur,darussalam,apartment
"1420 Sqft Residential Speace Is For Sale, 1st Colony, Mazar Road , Mirpur-1",3.0,3.0,2.0,vacant,1420.0,dhaka,10500000.0,"1st Colony, Mirpur",mirpur,1st colony,bungalow/townhouse
"1250 Sq Ft Residential Flat For Sale In Mirpur, Pirerbag",3.0,3.0,2.0,vacant,1250.0,dhaka,7000000.0,"Pirerbag, Mirpur",mirpur,pirerbag,bungalow/townhouse
"Covering 1250 Sq Ft Space A Flat Is Up For Sale In Section 11, Mirpur Nearby Mirpur Ideal School",3.0,3.0,7.0,vacant,1250.0,dhaka,8625000.0,"Section 11, Mirpur",mirpur,section 11,apartment
3 Bedroom Apartment Is For Sale In Middle Monipur Near Monipur High School And College.,3.0,3.0,6.0,vacant,1200.0,dhaka,5400000.0,"Middle Monipur, Mirpur",mirpur,middle monipur,apartment
Flat For Sale In Mirpur Near Progoti High School,2.0,2.0,3.0,vacant,780.0,dhaka,3120000.0,"Section 11, Mirpur",mirpur,section 11,apartment
Visit This Apartment For Sale In Pallabi Near Baitul Ibada Mosjid,3.0,3.0,3.0,vacant,1150.0,dhaka,6000000.0,"Pallabi, Mirpur",mirpur,pallabi,apartment
"An Adequate And Cozy 810 Sq.Ft Flat Is For Sale At West Kazipara, Near Baitur Rob Jaame Masjid",2.0,2.0,3.0,vacant,810.0,dhaka,3402000.0,"West Kazipara, Mirpur",mirpur,west kazipara,apartment
A 1400 Sq Ft Flat Is Up For Sale In A Well Secured Location Of South Pirerbag,3.0,3.0,13.0,vacant,1400.0,dhaka,8200000.0,"Pirerbag, Mirpur",mirpur,pirerbag,apartment
"Now you can afford to dwell well, check this 1185 SQ FT home which is for sale in Pirerbag",3.0,2.0,2.0,vacant,1185.0,dhaka,7700000.0,"Pirerbag, Mirpur",mirpur,pirerbag,bungalow/townhouse
"In The Location Of Mirpur, Close To Baitun Nur Jame Masjid A Flat Is Up For Sale",3.0,3.0,2.0,vacant,1350.0,dhaka,6500000.0,"Pallabi, Mirpur",mirpur,pallabi,apartment
A Flat With All Facilities Is Up For Sale At West Shewrapara Near Baitul Arafa Masjid,3.0,2.0,2.0,vacant,1220.0,dhaka,5000000.0,"West Shewrapara, Mirpur",mirpur,west shewrapara,apartment
"Here Is A Well Defined Flat Of 1700 Sq Ft Waiting For Sale At Section 7, Mirpur",3.0,3.0,3.0,vacant,1700.0,dhaka,13600000.0,"Section 7, Mirpur",mirpur,section 7,apartment
"1000 Sq Ft Flat Of Great Quality Is For Sale In Middle Paikpara, Mirpur",3.0,2.0,8.0,vacant,1000.0,dhaka,5500000.0,"Middle Paikpara, Mirpur",mirpur,middle paikpara,apartment
"In Shah Ali Bag, This 1090 Sq Ft Residence Is Waiting For Sale",3.0,3.0,3.0,vacant,1090.0,dhaka,7085000.0,"Section 1, Mirpur",mirpur,section 1,building
Plan To Move In This 650 Sq Ft Flat Which Is Up For Sale In Mirpur 12,2.0,2.0,4.0,vacant,650.0,dhaka,3200000.0,"Section 12, Mirpur",mirpur,section 12,apartment
1400 Sq Ft Residential Flat For Sale In Mirpur-10,3.0,3.0,2.0,vacant,1400.0,dhaka,9200000.0,"Section 10, Mirpur",mirpur,section 10,bungalow/townhouse
1050 Square Feet Residential Apartment For Sale At West Kazipara Nearby Baish Bari Masjid,3.0,2.0,1.0,vacant,1050.0,dhaka,6200000.0,"West Kazipara, Mirpur",mirpur,west kazipara,bungalow/townhouse
"1200 Sq Ft Apartment Is For Sale In Mirpur-1, Block B",3.0,2.0,3.0,vacant,1200.0,dhaka,7500000.0,"Section 1, Mirpur",mirpur,section 1,apartment
"We Are Presenting You With This 1200 Sq Ft Apartment For Sale In North Pirerbag, Mirpur",3.0,3.0,6.0,vacant,1200.0,dhaka,6000000.0,"Pirerbag, Mirpur",mirpur,pirerbag,apartment
"Take A Look At This 1890 Sq Ft Well Defined Flat Which Is Up For Sale In West Kazipara, Mirpur",3.0,3.0,4.0,vacant,1890.0,dhaka,20000000.0,"West Kazipara, Mirpur",mirpur,west kazipara,apartment
"Live Pleasantly In This 970 Sq Ft Apartment For Sale In East Kazipara, Mirpur",2.0,2.0,1.0,vacant,970.0,dhaka,4000000.0,"East Kazipara, Mirpur",mirpur,east kazipara,apartment
"Checkout This 1000 Sq Ft Flat Set To Sale In Mirpur, East Kazipara",2.0,2.0,8.0,vacant,1000.0,dhaka,6500000.0,"East Kazipara, Mirpur",mirpur,east kazipara,apartment
An Amazing 1542 Sq.ft -3 Bedroom Apartment Is Up For Sale In Shah Ali Bag .,3.0,3.0,7.0,vacant,1542.0,dhaka,8500000.0,"Section 1, Mirpur",mirpur,section 1,apartment
"This 1133 Sq Ft Flat Is Ready To Sale In Mirpur-2, Borobag",3.0,3.0,6.0,vacant,1133.0,dhaka,5200000.0,"Section 2, Mirpur",mirpur,section 2,apartment
Deal With This 1030 Sq Ft Apartment For Sale In Mirpur-7,3.0,2.0,6.0,vacant,1030.0,dhaka,6000000.0,"Section 7, Mirpur",mirpur,section 7,apartment
Get Hold Of This 650 Sq Ft Residential Flat For Sale In Mirpur-6,2.0,2.0,4.0,vacant,650.0,dhaka,2800000.0,"Section 6, Mirpur",mirpur,section 6,bungalow/townhouse
This Wonderful Flat Is Set For Sale With An Amazing Floor Plan Which Is 1800 Sq Ft In Pirerbag,3.0,4.0,9.0,vacant,1800.0,dhaka,7500000.0,"Pirerbag, Mirpur",mirpur,pirerbag,apartment
"9900 Sq Ft Residential Building For Sale In Mirpur, East Kazipara",13.0,10.0,3.0,vacant,9900.0,dhaka,37000000.0,"East Kazipara, Mirpur",mirpur,east kazipara,bungalow/townhouse
"This 1008 Sq.Ft Convenient Flat Is For Sale In Shadheenata Sharani, Mirpur 10.",3.0,3.0,5.0,vacant,1008.0,dhaka,4838400.0,"Section 10, Mirpur",mirpur,section 10,apartment
"750 Sq Ft Apartment For Sale In Ahmed Nagar, Mirpur",3.0,2.0,6.0,vacant,750.0,dhaka,5200000.0,"Ahmed Nagar, Mirpur",mirpur,ahmed nagar,apartment
"1200 Sq Ft Residential Flat Is Being Constructed For Sale In Mirpur, Ahmed Nagar",3.0,3.0,4.0,vacant,1200.0,dhaka,7500000.0,"Ahmed Nagar, Mirpur",mirpur,ahmed nagar,bungalow/townhouse
An Apartment Of 1250 Sq.Ft Is Up For Sale In Mirpur Section 11.,3.0,3.0,8.0,vacant,1250.0,dhaka,5000000.0,"Section 11, Mirpur",mirpur,section 11,apartment
Suitable 1250 Sq Ft Residential Flat For Sale In Rupnagar R/A,3.0,3.0,2.0,vacant,1250.0,dhaka,7500000.0,"Rupnagar R/A, Mirpur",mirpur,rupnagar r/a,bungalow/townhouse
"Create Your New Home In A Flat For Sale In Mirpur, Near Pallabi Mohila Degree College",2.0,2.0,2.0,vacant,905.0,dhaka,4072500.0,"Section 12, Mirpur",mirpur,section 12,bungalow/townhouse
Near Mirpur Adhunik Hospital A Flat For Sale In Mirpur,3.0,3.0,8.0,vacant,1330.0,dhaka,6916000.0,"Section 12, Mirpur",mirpur,section 12,apartment
Visit This Apartment For Sale In West Shewrapara Near Baitun Noor Jame Masjid,3.0,3.0,4.0,vacant,1200.0,dhaka,5000000.0,"West Shewrapara, Mirpur",mirpur,west shewrapara,apartment
1400 Sq Ft Residential Apartment For Sale At Pallabi,3.0,3.0,2.0,vacant,1400.0,dhaka,7800000.0,"Pallabi, Mirpur",mirpur,pallabi,bungalow/townhouse
1200 Square Ft. And 3 Bedroom Residential Apartment For Sale At Mirpur 11 Close To Mercantile Bank Limited .,3.0,3.0,5.0,vacant,1200.0,dhaka,5800000.0,"Section 11, Mirpur",mirpur,section 11,bungalow/townhouse
1332 Sq Ft Residential Apartment Is Up For Sale In Dakkhin Paikpara,3.0,3.0,1.0,vacant,1332.0,dhaka,5594400.0,"Dakkhin Paikpara, Mirpur",mirpur,dakkhin paikpara,bungalow/townhouse
"This 850 Sq Ft Apartment Comes With Peaceful Living In Mirpur10-Block A , Is Up For Sale.",2.0,2.0,6.0,vacant,850.0,dhaka,6000000.0,"Section 10, Mirpur",mirpur,section 10,apartment
Offering You 1200 Sq Ft Flat For Sale In Paikpara,3.0,3.0,1.0,vacant,1200.0,dhaka,5500000.0,"Ahmed Nagar, Mirpur",mirpur,ahmed nagar,apartment
"Plan to move in this 1463 SQ FT flat which is up for sale in Mirpur, 2nd Colony",3.0,3.0,3.0,vacant,1463.0,dhaka,5852000.0,"2nd Colony, Mirpur",mirpur,2nd colony,apartment
Close To Mirpur 10 Block C Water Tank A 1518 Square Feet Residential Apartment For Sale,4.0,3.0,6.0,vacant,1518.0,dhaka,10000000.0,"Section 10, Mirpur",mirpur,section 10,bungalow/townhouse
A Standard Apartment In Mirpur Near To M.A Zabbar Memorial High School Is Up For Sale,2.0,2.0,2.0,vacant,740.0,dhaka,4000000.0,"Pirerbag, Mirpur",mirpur,pirerbag,apartment
"Nearly Finished Apartment Is Up For Sale In Mirpur Section 10, Near To Darland International School",2.0,2.0,2.0,vacant,855.0,dhaka,4702500.0,"Section 10, Mirpur",mirpur,section 10,apartment
Worthy 900 SQ FT residence is for sale at North Pirerbag,3.0,2.0,2.0,vacant,900.0,dhaka,5000000.0,"Pirerbag, Mirpur",mirpur,pirerbag,building
"A Nicely Constructed Apartment Of 2200 Sq Ft Is Available Right Now For Sale In Kallyanpur, Mirpur",4.0,4.0,4.0,vacant,2200.0,dhaka,19000000.0,"Kallyanpur, Mirpur",mirpur,kallyanpur,apartment
Be The Owner Of This 1450 Sq Ft Flat Which Is Vacant Now For Sale At West Shewrapara Nearby North South International School,3.0,3.0,9.0,vacant,1450.0,dhaka,8675000.0,"West Shewrapara, Mirpur",mirpur,west shewrapara,apartment
"Obtain This Well Fitted Flat Of 1250 Sq Ft Which Is Up For Sale In Darussalam, Mirpur",3.0,2.0,4.0,vacant,1250.0,dhaka,6250000.0,"Darussalam, Mirpur",mirpur,darussalam,apartment
2400 Sq Ft Apartment For Sale In Mirpur,5.0,4.0,3.0,vacant,2400.0,dhaka,18000000.0,"Section 6, Mirpur",mirpur,section 6,apartment
Get This Well Defined 850 Sq Ft Flat For Sale In Rupnagar R/a,2.0,2.0,5.0,vacant,850.0,dhaka,5300000.0,"Rupnagar R/A, Mirpur",mirpur,rupnagar r/a,apartment
"Looking For A New Place? Try Us, As We Have This 970 Sq Ft Apartment Ready For Sale At Mirpur, Near Bashir Uddin Adarsha School And College",2.0,2.0,3.0,vacant,970.0,dhaka,4800000.0,"Section 1, Mirpur",mirpur,section 1,apartment
An Apartment Which Is Up For Sale At Mirpur Near To M.D.C. Model Institute,2.0,2.0,3.0,vacant,650.0,dhaka,2300000.0,"Section 12, Mirpur",mirpur,section 12,apartment
Find 1200 Sq Ft Flat Available For Sale In Paikpara,3.0,3.0,6.0,vacant,1200.0,dhaka,5500000.0,"Ahmed Nagar, Mirpur",mirpur,ahmed nagar,apartment
Cozy Apartment Is Up For Sale In Mirpur- 12 Nearby Agrani Bank Limited,3.0,3.0,5.0,vacant,1100.0,dhaka,6200000.0,"Section 12, Mirpur",mirpur,section 12,apartment
Buy This 1120 Sq Ft Apartment In The Flourishing Settlement Of Kallyanpur,3.0,3.0,7.0,vacant,1120.0,dhaka,6000000.0,"Kallyanpur, Mirpur",mirpur,kallyanpur,apartment
"View This 700 Sq Ft Residential Flat For Sale In Mirpur-1, Block C",2.0,2.0,5.0,vacant,700.0,dhaka,4000000.0,"Section 1, Mirpur",mirpur,section 1,bungalow/townhouse
"Lovely Apartment Of 1200 Sq Ft Is Up For Sale In Section 1, Mirpur",3.0,3.0,4.0,vacant,1200.0,dhaka,8700000.0,"Section 1, Mirpur",mirpur,section 1,apartment
"Start a new home, in this 1050 SQ FT apartment for sale in Dakkhin Paikpara",3.0,2.0,3.0,vacant,1050.0,dhaka,4500000.0,"Paikpara, Mirpur",mirpur,paikpara,bungalow/townhouse
To Get A Trouble Free Life You Can Take Buy This 650 Sq Ft House In Mirpur 12,2.0,2.0,1.0,vacant,650.0,dhaka,3200000.0,"Section 12, Mirpur",mirpur,section 12,bungalow/townhouse
Check this apartment for sale at Mirpur near Shahidbag Masjid,2.0,2.0,5.0,vacant,650.0,dhaka,2200000.0,"Section 12, Mirpur",mirpur,section 12,apartment
Lovely Apartment Of 852 Sq Ft Is Up For Sale In Middle Monipur,2.0,2.0,8.0,vacant,852.0,dhaka,4800000.0,"Middle Monipur, Mirpur",mirpur,middle monipur,apartment
"See This 1465 Sq Ft Apartment For Sale Is All Set For You In S P Road, Paikpara",3.0,3.0,6.0,vacant,1465.0,dhaka,8000000.0,"Paikpara, Mirpur",mirpur,paikpara,apartment
Residential Apartment Is For Sale In Mirpur Nearby Baitul Jannah Jame Masjid And Madrasha Complex,3.0,3.0,1.0,vacant,1050.0,dhaka,4700000.0,"Section 6, Mirpur",mirpur,section 6,bungalow/townhouse
Nearly Finished 1350 Sq Ft Residential Flat For Sale In Mirpur 10,3.0,3.0,3.0,vacant,1350.0,dhaka,13500000.0,"Section 10, Mirpur",mirpur,section 10,bungalow/townhouse
Well Designed 1200 Sq Ft Residential Flat Is There For Sale At Middle Monipur,3.0,3.0,3.0,vacant,1200.0,dhaka,5000000.0,"Middle Monipur, Mirpur",mirpur,middle monipur,bungalow/townhouse
At Middle Paikpara Nice Flat Up For Sale Near Paikpara Central Jame Masjid,3.0,3.0,1.0,vacant,1100.0,dhaka,4200000.0,"Middle Paikpara, Mirpur",mirpur,middle paikpara,apartment
"1250 Sq Ft Residential Flat For Sale In West Monipur, Mirpur",3.0,3.0,5.0,vacant,1250.0,dhaka,8000000.0,"West Monipur, Mirpur",mirpur,west monipur,bungalow/townhouse
"Buy This 1000 Sq Ft Residential Flat In Mirpur, Paikpara",3.0,2.0,8.0,vacant,1000.0,dhaka,6000000.0,"Ahmed Nagar, Mirpur",mirpur,ahmed nagar,bungalow/townhouse
"Nice Flat Can Be Found In Mirpur For Sale , Near Mirpur Adarsha Biddyaniketon School",2.0,2.0,4.0,vacant,650.0,dhaka,2400000.0,"Section 6, Mirpur",mirpur,section 6,apartment
"1270 Sq Ft Residential Flat For Sale In Mirpur, Ahmed Nagar",3.0,3.0,1.0,vacant,1270.0,dhaka,6000000.0,"Ahmed Nagar, Mirpur",mirpur,ahmed nagar,bungalow/townhouse
See This Apartment Which Is Up For Sale In West Shewrapara Near Shewrapara Central Jame Masjid.,3.0,3.0,1.0,vacant,850.0,dhaka,7000000.0,"West Shewrapara, Mirpur",mirpur,west shewrapara,apartment
Offering You A 1370 Sq Ft Flat For Sale In Mirpur-2,3.0,3.0,1.0,vacant,1370.0,dhaka,8500000.0,"Section 2, Mirpur",mirpur,section 2,apartment
1000 Square Feet Apartment For Sale Is Ready To Offer You A Suitable Home Experience In Mirpur,2.0,2.0,1.0,vacant,1000.0,dhaka,3500000.0,"East Shewrapara, Mirpur",mirpur,east shewrapara,bungalow/townhouse
1365 Sq Ft Flat With 3 Bedrooms Is Up For Sale In Mirpur-10,3.0,3.0,9.0,vacant,1365.0,dhaka,7507500.0,"Section 10, Mirpur",mirpur,section 10,apartment
An apartment located on Mirpur near to BSMR Maritime University is waiting for you to make it home!,3.0,3.0,1.0,vacant,1245.0,dhaka,4500000.0,"Pallabi, Mirpur",mirpur,pallabi,bungalow/townhouse
"Worthy 1300 Sq Ft Residential Apartment Is For Sale At Ahmed Nagar, Mirpur",3.0,3.0,1.0,vacant,1300.0,dhaka,7500000.0,"Ahmed Nagar, Mirpur",mirpur,ahmed nagar,bungalow/townhouse
1100 Sq Ft Flat For Sale In Mirpur Section 6,3.0,3.0,5.0,vacant,1100.0,dhaka,8000000.0,"Section 6, Mirpur",mirpur,section 6,apartment
1400 Sq Ft Apartment Is Ready For Sale In Mirpur,3.0,3.0,9.0,vacant,1400.0,dhaka,8140000.0,"Section 12, Mirpur",mirpur,section 12,apartment
Plan The Calm Life You Always Desire About In This Flat Of 1150 Sq Ft For Sale In Mirpur-11,3.0,3.0,4.0,vacant,1150.0,dhaka,7975000.0,"Section 11, Mirpur",mirpur,section 11,apartment
Buy This 1375 Sq Ft Apartment In Mirpur-6,3.0,3.0,5.0,vacant,1375.0,dhaka,12100000.0,"Section 6, Mirpur",mirpur,section 6,apartment
"An Adequate Residence Is up For Sale In Section 11, Mirpur With Satisfactory Price",2.0,2.0,2.0,vacant,750.0,dhaka,4000000.0,"Section 11, Mirpur",mirpur,section 11,commercial
1350 Sq Ft Residential Flat For Sale In Mirpur,3.0,3.0,5.0,vacant,1350.0,dhaka,9500000.0,"Pallabi, Mirpur",mirpur,pallabi,bungalow/townhouse
"A Perfect Flat Of 1000 Sq Ft For Living With Family Is Available For Sale At Janata Housing, Mirpur",3.0,2.0,3.0,vacant,1000.0,dhaka,6500000.0,"Section 1, Mirpur",mirpur,section 1,apartment
Best Location Mirpur | Spacious And Bright 3 Bedroom 1100 Sq Ft Apt. | For Sale,3.0,3.0,5.0,vacant,1100.0,dhaka,6100000.0,"Ahmed Nagar, Mirpur",mirpur,ahmed nagar,apartment
Tastefully Designed This 650 Sq Ft Home Is Now Vacant For Sale In Mirpur,2.0,2.0,2.0,vacant,650.0,dhaka,4225000.0,"Section 10, Mirpur",mirpur,section 10,bungalow/townhouse
Create your home in a 1200 SQ FT apartment for sale in Mirpur DOHS,3.0,3.0,3.0,vacant,1200.0,dhaka,10000000.0,"Mirpur DOHS, Mirpur",mirpur,mirpur dohs,bungalow/townhouse
In Eastern Pallabi Apartment Can Be Found For Sale Near Pallabi Mazedul Islam Model High School,3.0,2.0,1.0,vacant,1108.0,dhaka,5500000.0,"Pallabi, Mirpur",mirpur,pallabi,apartment
1365 Sq Ft Flat Is Up For Sale In Mirpur-10,3.0,3.0,9.0,vacant,1365.0,dhaka,7507500.0,"Section 10, Mirpur",mirpur,section 10,apartment
"1400 Sq Ft Apartment Is Ready For Sale At Mirpur, Near Mirpur Adhunik Hospital",3.0,3.0,1.0,vacant,1400.0,dhaka,8140000.0,"Section 12, Mirpur",mirpur,section 12,apartment
"Live Comfortably In This 1550 Sq Ft Residential Flat, Up For Sale In Mirpur, Baitur Rowshan Jame Masjid Road",3.0,3.0,1.0,vacant,1550.0,dhaka,8600000.0,"Middle Monipur, Mirpur",mirpur,middle monipur,bungalow/townhouse
Completely suitable and ready flat of 1050 SQ FT for Sale in Kallyanpur,3.0,3.0,6.0,vacant,1050.0,dhaka,8200000.0,"Kallyanpur, Mirpur",mirpur,kallyanpur,apartment
Buy This 1250 Square Feet Commercial Space In A Booming Location Of Mirpur-11,3.0,2.0,2.0,vacant,1250.0,dhaka,23000000.0,"Section 11, Mirpur",mirpur,section 11,commercial
Welcome You A Cozy Apartment Placed In Mirpur Near Eastern Housing,2.0,2.0,4.0,vacant,850.0,dhaka,3300000.0,"Pallabi, Mirpur",mirpur,pallabi,apartment
An Impressive 1230 Sq Ft Residential Apartment Is Up For Sale In The Center Of East Shewrapara Near To Jheelpar Jame Masjid,3.0,3.0,2.0,vacant,1230.0,dhaka,7400000.0,"East Shewrapara, Mirpur",mirpur,east shewrapara,bungalow/townhouse
Express Your Individuality At This 1400 Sq.ft Apartment Which Is Vacant For Sale In The Location Of South Monipur .,3.0,3.0,4.0,vacant,1400.0,dhaka,6300000.0,"South Monipur, Mirpur",mirpur,south monipur,apartment
"Reside In This 1530 Sq Ft Residential Flat For Sale In Mirpur, Paikpara",4.0,3.0,5.0,vacant,1530.0,dhaka,11500000.0,"Paikpara, Mirpur",mirpur,paikpara,bungalow/townhouse
Next To Kuwaiti Masjid This Ready And Comfortable 850 Sq.Ft Apartment Is Up For Sale At East Monipur .,2.0,2.0,4.0,vacant,850.0,dhaka,4000000.0,"East Monipur, Mirpur",mirpur,east monipur,apartment
"Buy This Nice Flat Of 900 Sq Ft, Which Is Located At West Monipur Near Jame Mosjid",3.0,2.0,1.0,vacant,900.0,dhaka,4320000.0,"West Monipur, Mirpur",mirpur,west monipur,apartment
Buy This 1770 Sq Ft Flat In Mirpur-12,3.0,3.0,9.0,vacant,1770.0,dhaka,9000000.0,"Section 12, Mirpur",mirpur,section 12,apartment
"This 650 Sq Ft Apartment For Sale In Mirpur Section 12, Next To Doctor Muhammad Shahidullah Adarsha Uchcha Madhyamik Bidyapith.",2.0,2.0,4.0,vacant,650.0,dhaka,4600000.0,"Section 12, Mirpur",mirpur,section 12,apartment
"Here Is A Cozy And Nice Flat Of 1610 Sq Ft Is Waiting For Sale At Block A, Mirpur-11",3.0,3.0,11.0,vacant,1610.0,dhaka,13000000.0,"Section 11, Mirpur",mirpur,section 11,apartment
"Buy This Great 1290 Sq Ft Residential Flat In Mirpur-1, North Bishil",3.0,3.0,2.0,vacant,1290.0,dhaka,6500000.0,"Section 1, Mirpur",mirpur,section 1,bungalow/townhouse
1050 SQ FT flat is now Vacant for sale in West Monipur,3.0,2.0,5.0,vacant,1050.0,dhaka,4725000.0,"West Monipur, Mirpur",mirpur,west monipur,apartment
A Beautiful Apartment For Sale Is All Set For You In Mirpur Nearby Senpara Jame Masjid.,3.0,3.0,6.0,vacant,1465.0,dhaka,8800000.0,"Section 10, Mirpur",mirpur,section 10,apartment
Offering You 2100 Sq Ft Flat For Sale In Pirerbag,8.0,6.0,3.0,vacant,2100.0,dhaka,5460000.0,"Pirerbag, Mirpur",mirpur,pirerbag,apartment
Modern Home For Residents | 1100 Sq Ft -2 Bedroom Flat In Darussalam Is Up For Sale.,2.0,2.0,3.0,vacant,1100.0,dhaka,5500000.0,"Darussalam, Mirpur",mirpur,darussalam,bungalow/townhouse
"View This 1350 Sq Ft Residential Flat For Sale In Mirpur, Middle Monipur",3.0,3.0,1.0,vacant,1350.0,dhaka,8500000.0,"Middle Monipur, Mirpur",mirpur,middle monipur,bungalow/townhouse
In Darussalam This 1485 Sq Feet Flat For Sale,3.0,3.0,8.0,vacant,1485.0,dhaka,8167000.0,"Darussalam, Mirpur",mirpur,darussalam,apartment
Available In Middle Paikpara 1080 Square Feet Flat For Sale,3.0,3.0,2.0,vacant,1080.0,dhaka,4320000.0,"Middle Paikpara, Mirpur",mirpur,middle paikpara,apartment
We Have A Ready Flat For Sale In Mirpur Nearby Mirpur Adhunik Hospital,2.0,2.0,2.0,vacant,850.0,dhaka,3825000.0,"Section 12, Mirpur",mirpur,section 12,apartment
"1570 Sq Ft Convenient Apartment Is Here Ready For Sale In Shah Ali Bag, Mirpur",4.0,4.0,7.0,vacant,1570.0,dhaka,12500000.0,"Section 1, Mirpur",mirpur,section 1,apartment
Select Your Next Residing Place At This Nice Flat Of 975 Sq Ft In Borobag Mirpur,3.0,2.0,5.0,vacant,975.0,dhaka,5000000.0,"Section 2, Mirpur",mirpur,section 2,apartment
A Newly Constructed Apartment In North Pirerbag Is Available For Sale Which Is 1050 Sq Ft,3.0,3.0,1.0,vacant,1050.0,dhaka,4500000.0,"Pirerbag, Mirpur",mirpur,pirerbag,apartment
Visit This Apartment For Sale In Mirpur Near Popular Diagnostic Center Limited.,3.0,3.0,4.0,vacant,1550.0,dhaka,9500000.0,"Section 6, Mirpur",mirpur,section 6,apartment
"Be Satisfied In This 1180 Sq Ft Amazing Flat For Sale In Mirpur, Kallyanpur",3.0,3.0,6.0,vacant,1180.0,dhaka,5500000.0,"Kallyanpur, Mirpur",mirpur,kallyanpur,apartment
"Buy This Amazing 2200 Sq Ft Apartment In Mirpur Dohs, Avenue 2",3.0,4.0,7.0,vacant,2200.0,dhaka,22000000.0,"Mirpur DOHS, Mirpur",mirpur,mirpur dohs,apartment
"Get Comfortable In A 930 Sq Ft Nice Flat For Sale In Middle Monipur, Mirpur",2.0,2.0,7.0,vacant,930.0,dhaka,5500000.0,"Middle Monipur, Mirpur",mirpur,middle monipur,apartment
"Look At This Nice 1200 Sq Ft Flat Is Up For Sale At Section 1, Mirpur",3.0,3.0,6.0,vacant,1200.0,dhaka,8700000.0,"Section 1, Mirpur",mirpur,section 1,apartment
1650 SQ FT flat is now Vacant for sale in Mirpur,4.0,4.0,7.0,vacant,1650.0,dhaka,9900000.0,"Paikpara, Mirpur",mirpur,paikpara,apartment
A Fine Flat Is Now For Sale Which Is In Mirpur Near Popular Diagnostic Center Limited,3.0,4.0,5.0,vacant,1460.0,dhaka,11000000.0,"Section 6, Mirpur",mirpur,section 6,apartment
Comfortable Flat Is Up For Sale In Pallabi Nearby City Club Ground,3.0,3.0,5.0,vacant,1200.0,dhaka,7500000.0,"Pallabi, Mirpur",mirpur,pallabi,apartment
"Commercial space for sale in Rupnagar R/A, near Jaman Plaza",3.0,2.0,2.0,vacant,1900.0,dhaka,23000000.0,"Rupnagar R/A, Mirpur",mirpur,rupnagar r/a,commercial
"630 Sq Ft Residential Apartment For Sale In Mirpur, Rupnagar R/a",2.0,1.0,2.0,vacant,630.0,dhaka,3500000.0,"Rupnagar R/A, Mirpur",mirpur,rupnagar r/a,bungalow/townhouse
"An Apartment Is Ready For Sale At Pallabi , Near Baitur Rahmat Jame Masjid.",2.0,2.0,2.0,vacant,1200.0,dhaka,7000000.0,"Pallabi, Mirpur",mirpur,pallabi,apartment
A Reasonable Apartment Is Available For Sale At Mirpur-10,3.0,2.0,4.0,vacant,1075.0,dhaka,5500000.0,"Section 10, Mirpur",mirpur,section 10,apartment
1150 Sq Feet Flat For Sale Close To Darussalam Government Primary School,3.0,3.0,2.0,vacant,1150.0,dhaka,5750000.0,"Darussalam, Mirpur",mirpur,darussalam,apartment
Your Desired Large 2 Bedroom Home In Rajanigandha Residential Area Is Now Vacant For Sale,2.0,2.0,3.0,vacant,1015.0,dhaka,6500000.0,"Section 15, Mirpur",mirpur,section 15,bungalow/townhouse
At Senpara Nice Flat Up For Sale Near Mother Care International School,3.0,3.0,8.0,vacant,1275.0,dhaka,7200000.0,"Section 10, Mirpur",mirpur,section 10,apartment
"In The Location Of Mirpur, Close To Delta Medical College And Hospital A Flat Is Up For Sale.",3.0,2.0,5.0,vacant,1300.0,dhaka,7000000.0,"Section 1, Mirpur",mirpur,section 1,apartment
"1250 Sq Ft Residential Flat With Great Home Features For Sale In Mirpur, Dakkhin Paikpara",3.0,3.0,7.0,vacant,1250.0,dhaka,8200000.0,"Dakkhin Paikpara, Mirpur",mirpur,dakkhin paikpara,bungalow/townhouse
1350 Sq Ft Flat Is Ready To Sale In Mirpur-10,3.0,3.0,1.0,vacant,1350.0,dhaka,10150000.0,"Section 10, Mirpur",mirpur,section 10,apartment
"Choose Your Destination, 1200 Sq Ft Flat Which Is Available For Sale In Ahmed Nagar",3.0,3.0,5.0,vacant,1200.0,dhaka,5500000.0,"Ahmed Nagar, Mirpur",mirpur,ahmed nagar,apartment
An Attractively Designed 1250 Sq Ft Apartment For Sale In Mirpur Section 10,3.0,3.0,6.0,vacant,1250.0,dhaka,7800000.0,"Section 10, Mirpur",mirpur,section 10,apartment
"Buy This 600 Square Feet Apartment In Mirpur, West Shewrapara",2.0,1.0,4.0,vacant,600.0,dhaka,2000000.0,"West Shewrapara, Mirpur",mirpur,west shewrapara,apartment
"A very reasonable 700 SQ FT residential home is up for sale located at Mirpur, Section 6",2.0,1.0,5.0,vacant,700.0,dhaka,3000000.0,"Section 6, Mirpur",mirpur,section 6,bungalow/townhouse
"Visit This 1000 Sq Ft Flat, Which Is Up For Sale In Mirpur, East Kazipara",2.0,2.0,6.0,vacant,1000.0,dhaka,6500000.0,"East Kazipara, Mirpur",mirpur,east kazipara,apartment
1300 Square Ft Residential Apartment For Sale At Pallabi Beside To Pallabi Mazedul Islam Model High School,3.0,3.0,8.0,vacant,1300.0,dhaka,7800000.0,"Pallabi, Mirpur",mirpur,pallabi,bungalow/townhouse
Offering You A 1300 Sq Ft Flat For Sale In Middle Paikpara Near Paikpara Central Jame Masjid,3.0,3.0,7.0,vacant,1300.0,dhaka,6500000.0,"Middle Paikpara, Mirpur",mirpur,middle paikpara,apartment
Offering You 252 Sq Ft Nice shop For sale In Mirpur DOHS,3.0,2.0,2.0,vacant,252.0,dhaka,3000000.0,"Mirpur DOHS, Mirpur",mirpur,mirpur dohs,commercial
An Apartment Which Is Up For Sale At Mirpur Near To Mirpur Adhunik Hospital And Diagnostic Center.,3.0,3.0,1.0,vacant,1400.0,dhaka,6000000.0,"Section 12, Mirpur",mirpur,section 12,apartment
"Grab This 1360 Sq Ft Apartment For Sale In Pallabi, Mirpur",3.0,3.0,3.0,vacant,1360.0,dhaka,13900000.0,"Pallabi, Mirpur",mirpur,pallabi,apartment
Wonderful 1100 SQ FT flat is available to Sale in Ahmed Nagar,3.0,3.0,1.0,vacant,1100.0,dhaka,5000000.0,"Ahmed Nagar, Mirpur",mirpur,ahmed nagar,apartment
"750 Sq Ft Apartment Is Available For Sale At Section 11, Mirpur",2.0,2.0,2.0,vacant,750.0,dhaka,4000000.0,"Section 11, Mirpur",mirpur,section 11,apartment
"This Comfy Flat Is Vacant Right Now For Sale In East Kazipara, Which Is 1120 Sq Ft",3.0,2.0,9.0,vacant,1120.0,dhaka,5500000.0,"East Kazipara, Mirpur",mirpur,east kazipara,apartment
Visit this apartment for sale in Mirpur near Nurani Jame Masjid,3.0,2.0,6.0,vacant,1100.0,dhaka,3800000.0,"Section 2, Mirpur",mirpur,section 2,apartment
Picture Yourself In This Residential Apartment Of 1050 Sq Ft For Sale In Shah Ali Bag,3.0,3.0,7.0,vacant,1050.0,dhaka,6000000.0,"Section 1, Mirpur",mirpur,section 1,bungalow/townhouse
In Mirpur Apartment Can Be Found For Sale Near Shaheed Zia Girls Laboratory School,2.0,2.0,4.0,vacant,650.0,dhaka,2200000.0,"Section 12, Mirpur",mirpur,section 12,apartment
"Buy This 900 Sq Ft Apartment In Mirpur-10, Block D",3.0,2.0,3.0,vacant,900.0,dhaka,6000000.0,"Section 10, Mirpur",mirpur,section 10,apartment
Uncover Your Place In A 1200 Sq Ft Structurally Well Built House For Sale In Mirpur DOHS,3.0,2.0,6.0,vacant,1200.0,dhaka,11500000.0,"Mirpur DOHS, Mirpur",mirpur,mirpur dohs,bungalow/townhouse
"A 1160 Sq Ft Flat Is Up For Sale In A Well Secured Location Of Section 1, Mirpur",3.0,3.0,7.0,vacant,1160.0,dhaka,8000000.0,"Section 1, Mirpur",mirpur,section 1,apartment
A Vacant Flat Of 800 Sq Ft Located In Paikpara Close To Delta Hospital Is Up For Sale.,2.0,2.0,6.0,vacant,800.0,dhaka,4000000.0,"Ahmed Nagar, Mirpur",mirpur,ahmed nagar,apartment
Construct Your Relaxing Days In This 1250 Sq Ft Residential Flat For Sale In Mirpur-2,3.0,3.0,5.0,vacant,1250.0,dhaka,7000000.0,"Section 2, Mirpur",mirpur,section 2,bungalow/townhouse
Visit this apartment for sale of 1703 SQ FT in Mirpur near Jannat Academy High School.,3.0,3.0,6.0,vacant,1703.0,dhaka,8855600.0,"Section 11, Mirpur",mirpur,section 11,apartment
"Flat up for sale in Rupnagar R/A area, near Jaman Plaza",3.0,2.0,4.0,vacant,1000.0,dhaka,5100000.0,"Rupnagar R/A, Mirpur",mirpur,rupnagar r/a,commercial
Apartment for sale is all set for you to settle in Mirpur close to Mirpur 10 No Market Masjid,3.0,2.0,2.0,vacant,1180.0,dhaka,6500000.0,"Section 10, Mirpur",mirpur,section 10,commercial
A Nice Apartment For Sale In Mirpur Near Brac Bank,2.0,2.0,5.0,vacant,650.0,dhaka,3200000.0,"Section 6, Mirpur",mirpur,section 6,apartment
Suitable 1000 Sq Ft Residential Flat For Sale In Mirpur,3.0,2.0,4.0,vacant,1000.0,dhaka,6500000.0,"Section 1, Mirpur",mirpur,section 1,bungalow/townhouse
"Start Residing In This 1230 Sq Ft, Properly Developed Apartment For Sale, In West Shewrapara",2.0,2.0,6.0,vacant,1230.0,dhaka,5000000.0,"West Shewrapara, Mirpur",mirpur,west shewrapara,apartment
"Grab This 1635 Sq Ft Beautiful Apartment For Sale In Ahmed Nagar, Paikpara",3.0,4.0,5.0,vacant,1635.0,dhaka,9000000.0,"Ahmed Nagar, Mirpur",mirpur,ahmed nagar,apartment
Worthy 1250 SQ FT Nice home is ready for sale at Mirpur 15,4.0,4.0,8.0,vacant,1250.0,dhaka,12500000.0,"Section 15, Mirpur",mirpur,section 15,bungalow/townhouse
"1400 Sq Ft Apartment For Sale In Ak Fazlul Haque Babu Rd, East Kazipara, Mirpur",3.0,3.0,4.0,vacant,1400.0,dhaka,6300000.0,"East Kazipara, Mirpur",mirpur,east kazipara,apartment
"Buy This 1465 Sq Ft Residential Flat In Mirpur, Pallabi",3.0,3.0,5.0,vacant,1465.0,dhaka,8600000.0,"Pallabi, Mirpur",mirpur,pallabi,bungalow/townhouse
1412 Square Feet Apartment Is Up For Sale At Mirpur,3.0,3.0,8.0,vacant,1412.0,dhaka,7000000.0,"West Shewrapara, Mirpur",mirpur,west shewrapara,apartment
1260 Sft Well Maintained Apartment For Sale At Mirpur Dhaka,3.0,3.0,4.0,vacant,1260.0,dhaka,8000000.0,"Middle Monipur, Mirpur",mirpur,middle monipur,apartment
Properly Built Flat Is Up For Sale In Mirpur Section 10 Nearby Mercantile Bank Limited,3.0,2.0,1.0,vacant,1245.0,dhaka,6800000.0,"Section 10, Mirpur",mirpur,section 10,apartment
Checkout This 1500 Sq Ft Flat For Sale In Mirpur-6,3.0,3.0,8.0,vacant,1500.0,dhaka,11500000.0,"Section 6, Mirpur",mirpur,section 6,apartment
"Have A Look At This 1100 Sq Ft Property Which Is Up For Sale Located At Section 12, Mirpur",3.0,3.0,9.0,vacant,1100.0,dhaka,6500000.0,"Section 12, Mirpur",mirpur,section 12,apartment
1100 SQ FT flat is now for sale in Mirpur near to Life Aid Specialized Hospital,3.0,2.0,3.0,vacant,1100.0,dhaka,4950000.0,"Middle Monipur, Mirpur",mirpur,middle monipur,apartment
Acquire This 930 Sq Ft With 2 Bedrooms Flat Which Is Up For Sale In Middle Monipur Beside To Baitur Rowshan Jame Masjid .,2.0,2.0,3.0,vacant,930.0,dhaka,5200000.0,"Middle Monipur, Mirpur",mirpur,middle monipur,apartment
1365 Sq Ft Flat With Important Residential Features Is For Sale In Mirpur-10,3.0,3.0,3.0,vacant,1365.0,dhaka,7507500.0,"Section 10, Mirpur",mirpur,section 10,bungalow/townhouse
"700 Sq Ft Lovely Residential Flat For Sale In Mirpur, Section 13",2.0,2.0,6.0,vacant,700.0,dhaka,3800000.0,"Section 13, Mirpur",mirpur,section 13,bungalow/townhouse
At Middle Monipur Nice Flat Up For Sale Near Baitur Rowshan Jame Masjid,3.0,2.0,1.0,vacant,1100.0,dhaka,5000000.0,"Middle Monipur, Mirpur",mirpur,middle monipur,apartment
Worthy 1250 SQ FT residence is for sale at Mirpur 11,3.0,3.0,5.0,vacant,1250.0,dhaka,7200000.0,"Section 11, Mirpur",mirpur,section 11,building
A worthwhile 1425 SQ FT residential flat is ready for sale at Mirpur 6,3.0,3.0,1.0,vacant,1425.0,dhaka,8500000.0,"Section 6, Mirpur",mirpur,section 6,bungalow/townhouse
This Very New Nice Flat Of 925 Sq Ft Is Up For Sale In West Monipur,3.0,2.0,2.0,vacant,925.0,dhaka,4440000.0,"West Monipur, Mirpur",mirpur,west monipur,apartment
Visit This Flat For Sale In Mirpur Nearby Shaheed Abu Taleb High School,2.0,2.0,5.0,vacant,750.0,dhaka,4200000.0,"Section 10, Mirpur",mirpur,section 10,apartment
"Well Planned 1320 Sq Ft Residential Apartment For Sale In Mirpur, Pallabi",3.0,3.0,4.0,vacant,1320.0,dhaka,9300000.0,"Pallabi, Mirpur",mirpur,pallabi,bungalow/townhouse
"A nice residential flat of 700 SQ FT for sale can be found in Section 12, Mirpur nearby Mirpur Adhunik Hospital And Diagnostic Center",3.0,3.0,3.0,vacant,700.0,dhaka,3500000.0,"Section 12, Mirpur",mirpur,section 12,bungalow/townhouse
Check This Nice 815 Sq Ft Flat For Sale At East Monipur Nearby Monipur Baitur Rowshon Jame Masjid,2.0,2.0,6.0,vacant,815.0,dhaka,4200000.0,"East Monipur, Mirpur",mirpur,east monipur,apartment
Let Us Help You To Buy This 1125 Sq Ft Apartment Which Is Now Available In Mirpur DOHS,3.0,3.0,3.0,vacant,1125.0,dhaka,9500000.0,"Mirpur DOHS, Mirpur",mirpur,mirpur dohs,apartment
A 860 Square Feet Apartment Is For Sale In The Location Of Rupnagar R/A.,2.0,2.0,6.0,vacant,860.0,dhaka,4500000.0,"Rupnagar R/A, Mirpur",mirpur,rupnagar r/a,apartment
625 Sq Ft Residential Apartment For Sale In Mirpur,2.0,2.0,4.0,vacant,625.0,dhaka,2500000.0,"East Kazipara, Mirpur",mirpur,east kazipara,bungalow/townhouse
"Get This 950 Sq Ft Flat For Sale In Kazipara, Mirpur",2.0,2.0,8.0,vacant,950.0,dhaka,6100000.0,"East Kazipara, Mirpur",mirpur,east kazipara,apartment
Reasonable 1265 Sq Ft Flat Is Available For Sale In Dakkhin Paikpara Sarak,3.0,3.0,2.0,vacant,1265.0,dhaka,8800000.0,"Dakkhin Paikpara, Mirpur",mirpur,dakkhin paikpara,apartment
Check This Apartment Up For Sale At Pirerbag Near Shimultola Jame Mosjid,3.0,2.0,4.0,vacant,1050.0,dhaka,5800000.0,"Pirerbag, Mirpur",mirpur,pirerbag,apartment
